<?xml version="1.0" encoding="UTF-8"?>
<project-private xmlns="http://www.netbeans.org/ns/project-private/1">
    <editor-bookmarks xmlns="http://www.netbeans.org/ns/editor-bookmarks/2" lastBookmarkId="0"/>
    <open-files xmlns="http://www.netbeans.org/ns/projectui-open-files/2">
        <group>
            <file>file:/C:/Users/Ajeet/OneDrive/Documents/NetBeansProjects/LMS%20Using%20Java&amp;MySQL/src/lms/using/java/mysql/Start1.java</file>
            <file>file:/C:/Users/Ajeet/OneDrive/Documents/NetBeansProjects/LMS%20Using%20Java&amp;MySQL/src/lms/using/java/mysql/Boot2.java</file>
            <file>file:/C:/Users/Ajeet/OneDrive/Documents/NetBeansProjects/LMS%20Using%20Java&amp;MySQL/src/lms/using/java/mysql/DBC.java</file>
            <file>file:/C:/Users/Ajeet/OneDrive/Documents/NetBeansProjects/LMS%20Using%20Java&amp;MySQL/src/lms/using/java/mysql/Login3.java</file>
            <file>file:/C:/Users/Ajeet/OneDrive/Documents/NetBeansProjects/LMS%20Using%20Java&amp;MySQL/src/lms/using/java/mysql/CreateAdmin4.java</file>
            <file>file:/C:/Users/Ajeet/OneDrive/Documents/NetBeansProjects/LMS%20Using%20Java&amp;MySQL/src/lms/using/java/mysql/Dashboard5.java</file>
            <file>file:/C:/Users/Ajeet/OneDrive/Documents/NetBeansProjects/LMS%20Using%20Java&amp;MySQL/src/lms/using/java/mysql/AddStd6.java</file>
            <file>file:/C:/Users/Ajeet/OneDrive/Documents/NetBeansProjects/LMS%20Using%20Java&amp;MySQL/src/lms/using/java/mysql/AddBook7.java</file>
            <file>file:/C:/Users/Ajeet/OneDrive/Documents/NetBeansProjects/LMS%20Using%20Java&amp;MySQL/src/lms/using/java/mysql/RemoveStd8.java</file>
            <file>file:/C:/Users/Ajeet/OneDrive/Documents/NetBeansProjects/LMS%20Using%20Java&amp;MySQL/src/lms/using/java/mysql/RemoveBook9.java</file>
            <file>file:/C:/Users/Ajeet/OneDrive/Documents/NetBeansProjects/LMS%20Using%20Java&amp;MySQL/src/lms/using/java/mysql/IssueBook10.java</file>
            <file>file:/C:/Users/Ajeet/OneDrive/Documents/NetBeansProjects/LMS%20Using%20Java&amp;MySQL/src/lms/using/java/mysql/ReceiveBook11.java</file>
        </group>
    </open-files>
</project-private>
